page,source
page-001,gpt-4o
page-002,gpt-4o
page-003,gpt-4o
page-004,gpt-4o
page-005,gpt-4o
page-006,gpt-4o
page-007,gpt-4o
page-008,gpt-4o
page-009,gpt-4o
page-010,gpt-4o
page-011,gpt-4o
page-012,gpt-4o
page-013,gpt-4o
page-014,gpt-4o
page-015,gpt-4o
page-016,gpt-4o
page-017,gpt-4o
page-018,gpt-4o
page-019,gpt-4o
page-020,gpt-4o
page-021,gpt-4o
page-022,gpt-4o
page-023,gpt-4o
page-024,gpt-4o
page-025,gpt-4o
page-026,gpt-4o
page-027,gpt-4o
page-028,gpt-4o
page-029,gpt-4o
page-030,gpt-4o
page-031,gpt-4o
page-032,gpt-4o
page-033,claude
page-034,gpt-4o
page-035,gpt-4o
page-036,gpt-4o
page-037,gpt-4o
page-038,gpt-4o
page-039,gpt-4o
page-040,gpt-4o
page-041,gpt-4o
page-042,gpt-4o
page-043,gpt-4o
page-044,gpt-4o
page-045,gpt-4o
page-046,gpt-4o
page-047,gpt-4o
page-048,gpt-4o
page-049,gpt-4o
page-050,gpt-4o
page-051,gpt-4o
page-052,gpt-4o
page-053,gpt-4o
page-054,gpt-4o
page-055,gpt-4o
page-056,gpt-4o
page-057,gpt-4o
page-058,claude
page-059,gpt-4o
page-060,claude
page-061,claude
page-062,gpt-4o
page-063,gpt-4o
page-064,gpt-4o
page-065,gpt-4o
page-066,gpt-4o
page-067,gpt-4o
page-068,gpt-4o
page-069,claude
page-070,gpt-4o
page-071,gpt-4o
page-072,claude
page-073,claude
page-074,gpt-4o
page-075,gpt-4o
page-076,gpt-4o
page-077,gpt-4o
page-078,claude
page-079,gpt-4o
page-080,gpt-4o
page-081,gpt-4o
page-082,gpt-4o
page-083,gpt-4o
page-084,gpt-4o
page-085,claude
page-086,gpt-4o
page-087,gpt-4o
page-088,gpt-4o
page-089,gpt-4o
page-090,gpt-4o
page-091,gpt-4o
page-092,gpt-4o
page-093,gpt-4o
page-094,gpt-4o
page-095,gpt-4o
page-096,gpt-4o
page-097,gpt-4o
page-098,gpt-4o
page-099,gpt-4o
page-100,gpt-4o
page-101,gpt-4o
page-102,gpt-4o
page-103,gpt-4o
page-104,gpt-4o
page-105,gpt-4o
page-106,gpt-4o
page-107,gpt-4o
page-108,gpt-4o
page-109,gpt-4o
page-110,gpt-4o
page-111,gpt-4o
page-112,gpt-4o
page-113,gpt-4o
page-114,gpt-4o
page-115,gpt-4o
page-116,gpt-4o
page-117,gpt-4o
page-118,gpt-4o
page-119,gpt-4o
page-120,gpt-4o
page-121,gpt-4o
page-122,gpt-4o
page-123,claude
page-124,gpt-4o
page-125,gpt-4o
page-126,gpt-4o
page-127,gpt-4o
page-128,gpt-4o
page-129,gpt-4o
page-130,gpt-4o
page-131,gpt-4o
page-132,gpt-4o
page-133,gpt-4o
page-134,claude
page-135,gpt-4o
page-136,gpt-4o
page-137,gpt-4o
page-138,gpt-4o
page-139,gpt-4o
page-140,gpt-4o
page-141,gpt-4o
page-142,gpt-4o
page-143,gpt-4o
page-144,gpt-4o
page-145,gpt-4o
page-146,gpt-4o
page-147,gpt-4o
page-148,gpt-4o
page-149,claude
page-150,claude
page-151,gpt-4o
page-152,gpt-4o
page-153,gpt-4o
page-154,gpt-4o
page-155,gpt-4o
page-156,gpt-4o
page-157,gpt-4o
page-158,gpt-4o
page-159,gpt-4o
page-160,claude
page-161,claude
page-162,gpt-4o
page-163,gpt-4o
page-164,gpt-4o
page-165,gpt-4o
page-166,gpt-4o
page-167,gpt-4o
page-168,gpt-4o
page-169,gpt-4o
page-170,gpt-4o
page-171,claude
page-172,gpt-4o
page-173,gpt-4o
page-174,gpt-4o
page-175,gpt-4o
page-176,gpt-4o
page-177,gpt-4o
page-178,claude
page-179,gpt-4o
page-180,gpt-4o
page-181,gpt-4o
page-182,gpt-4o
page-183,gpt-4o
page-184,gpt-4o
page-185,gpt-4o
page-186,gpt-4o
page-187,gpt-4o
page-188,gpt-4o
page-189,gpt-4o
page-190,gpt-4o
page-191,gpt-4o
page-192,gpt-4o
page-193,gpt-4o
page-194,claude
page-195,gpt-4o
page-196,claude
page-197,gpt-4o
page-198,gpt-4o
page-199,gpt-4o
page-200,gpt-4o
page-201,gpt-4o
page-202,gpt-4o
page-203,gpt-4o
page-204,gpt-4o
page-205,gpt-4o
page-206,gpt-4o
page-207,gpt-4o
page-208,gpt-4o
page-209,gpt-4o
page-210,gpt-4o
page-211,gpt-4o
page-216,gpt-4o
page-217,gpt-4o
page-218,gpt-4o
page-219,gpt-4o
page-220,gpt-4o
page-221,gpt-4o
page-222,gpt-4o
page-223,gpt-4o
page-224,gpt-4o
page-225,gpt-4o
page-226,claude
page-227,gpt-4o
page-228,gpt-4o
page-229,gpt-4o
page-230,gpt-4o
page-231,gpt-4o
page-232,claude
page-233,claude
page-234,claude
page-234a,gpt-4o
page-235,gpt-4o
page-236,gpt-4o
page-237,gpt-4o
page-238,gpt-4o
page-239,gpt-4o
page-240,gpt-4o
page-241,claude
page-242,claude
page-243,gpt-4o
page-244,gpt-4o
page-245,gpt-4o
page-246,gpt-4o
page-247,gpt-4o
page-248,gpt-4o
page-249,gpt-4o
page-250,claude
page-251,claude
page-252,gpt-4o
page-253,claude
page-254,claude
page-255,gpt-4o
page-256,gpt-4o
page-257,gpt-4o
page-258,gpt-4o
page-259,gpt-4o
page-260,gpt-4o
page-261,gpt-4o
page-262,gpt-4o
page-263,gpt-4o
page-264,gpt-4o
page-265,gpt-4o
page-266,gpt-4o
page-267,gpt-4o
page-268,gpt-4o
page-269,gpt-4o
page-270,gpt-4o
page-271,gpt-4o
page-272,gpt-4o
page-273,gpt-4o
page-275,gpt-4o
page-276,gpt-4o
page-277,gpt-4o
page-278,gpt-4o
page-279,gpt-4o
page-280,gpt-4o
page-281,gpt-4o
page-282,gpt-4o
page-283,gpt-4o
page-284,gpt-4o
page-285,claude
page-286,gpt-4o
page-287,gpt-4o
page-288,gpt-4o
page-289,gpt-4o
page-290,gpt-4o
page-291,claude
page-292,claude
page-293,gpt-4o
page-294,claude
page-295,gpt-4o
page-296,gpt-4o
page-297,gpt-4o
page-298,gpt-4o
page-299,gpt-4o
page-300,claude
page-301,claude
page-302,gpt-4o
page-303,gpt-4o
page-304,gpt-4o
page-305,gpt-4o
page-306,gpt-4o
page-307,gpt-4o
page-308,gpt-4o
page-309,gpt-4o
page-310,gpt-4o
page-311,gpt-4o
page-312,gpt-4o
page-313,gpt-4o
page-314,gpt-4o
page-315,gpt-4o
page-316,gpt-4o
page-317,gpt-4o
page-318,gpt-4o
page-319,gpt-4o
page-320,claude
page-321,gpt-4o
page-322,gpt-4o
page-323,gpt-4o
page-324,gpt-4o
page-325,gpt-4o
page-326,gpt-4o
page-327,gpt-4o
page-328,gpt-4o
page-329,gpt-4o
page-330,gpt-4o
page-331,claude
page-332,claude
page-333,gpt-4o
page-334,claude
page-335,gpt-4o
page-336,gpt-4o
page-337,gpt-4o
page-338,gpt-4o
page-339,gpt-4o
page-340,gpt-4o
page-341,gpt-4o
page-342,gpt-4o
page-343,claude
page-344,claude
page-345,gpt-4o
page-346,gpt-4o
page-347,gpt-4o
page-348,claude
page-349,gpt-4o
page-350,gpt-4o
page-351,gpt-4o
page-352,gpt-4o
page-353,gpt-4o
page-354,gpt-4o
page-355,gpt-4o
page-356,gpt-4o
page-357,claude
page-358,gpt-4o
page-i,gpt-4o
page-ii,gpt-4o
page-title-chansonnier,gpt-4o
page-title-introduction,gpt-4o
