prev_page,stub|cont,next_page
v1p005,d'ailleurs manifes|te,v1p006
v1p024,s positions respec|tives,v1p025
v1p025,isons soit objecti|ves,v1p026
v1p027,enfermant des maté|riaux,v1p028
v1p029,"s distinctes, appa|sent",v1p030
v1p035,entaires et des re|marques,v1p036
v1p055,plément étant sous|entendu[^v1p056-1].,v1p056
v1p058,ement des rimes in|termes[^v1p059-1].,v1p059
v1p069,", ce qui manifeste|ment",v1p070
v1p070,"70-5]. En toute lo|gique,",v1p071
v1p073,(...) this is a ty|pical,v1p074
v1p087,"une quatrième, for|mée",v1p088
v1p124, répétition se pré|sentant,v1p125
v1p147,1p147-3]. Pour évi|ter,v1p148
v1p171,"En fait, c'est Pat|tison",v1p172
v1p177,ns ici n'est attes|té[e],v1p178
v1p178,"nt obtenu ce résul|tat,",v1p179
v1p179,ase because of any|thing,v1p180
v1p204,ce que l'éventuali|té,v1p205
v1p208,"s, ""Aa read consis|tently",v1p209
v1p219,"'en trouverait ren|forced,",v1p220
v1p220,"ndant, nous ne com|prenons",v1p221
v1p233, qu'à le lire indé|pendamment,v1p234
v1p234,ue à l'ancien fran|cais,v1p235
v1p281,"alogue par : ""Pour|quoi",v1p282
v2p011,p011-4] — nous sem|ble,v2p012
v2p027,randes': une admis|sion,v2p028
v2p029,"symmétrie des anti|thèses,",v2p030
v2p034, restons fort dubi|tatif,v2p035
v2p062,on rejette l'inter|prétation,v2p063
v2p088,anistes et encyclo|pédistes,v2p089
v2p091, [*l*]{lang=oc} in|terdit,v2p092
v2p093, renvoyant au fait|de,v2p094
v2p100,"araisse assez vrai|semblable[^v2p101-1],",v2p101
v2p104,"4], des réminiscen|ces",v2p105
v2p113,tion d'ordre esthé|tique[^v2p114-1].,v2p114
v2p119, poétique fondamen|tal,v2p120
v2p126,rincipe indissocia|bles,v2p127
v2p131,"ice d'un art tradi|tionnel,",v2p132
v2p140,hwer als dichtungs|theoretische,v2p141
v2p146,nnel dont nous par|lions,v2p147
v2p147,ne au chant sa for|me,v2p148
v2p166,ve de la langue na|turelle,v2p167
v2p171,e Raimbaut: l'oppo|sition,v2p172
v2p176, de ce facteur per|met,v2p177
