pageid,printed_number,source
v1p000,,blank
v1p001,,blank
v1p002,,blank
v1p003,,blank
v1p004,,blank
v1p005,1,ocr
v1p006,2,ocr
v1p007,3,ocr
v1p008,4,ocr
v1p009,5,ocr
v1p010,6,ocr
v1p011,7,ocr
v1p012,8,ocr
v1p013,9,ocr
v1p014,10,ocr
v1p015,11,ocr
v1p016,12,ocr
v1p017,13,ocr
v1p018,14,ocr
v1p019,15,ocr
v1p020,16,ocr
v1p021,17,ocr
v1p022,18,ocr
v1p023,19,ocr
v1p024,20,ocr
v1p025,21,ocr
v1p026,22,ocr
v1p027,23,ocr
v1p028,24,ocr
v1p029,25,ocr
v1p030,26,ocr
v1p031,27,ocr
v1p032,28,ocr
v1p033,29,ocr
v1p034,30,ocr
v1p035,31,ocr
v1p036,32,ocr
v1p037,,blank
v1p038,33,ocr
v1p039,34,ocr
v1p040,35,ocr
v1p041,36,ocr
v1p042,37,ocr
v1p043,38,ocr
v1p044,39,ocr
v1p045,40,ocr
v1p046,41,ocr
v1p047,42,ocr
v1p048,43,ocr
v1p049,44,ocr
v1p050,45,ocr
v1p051,46,ocr
v1p052,47,ocr
v1p053,48,ocr
v1p054,49,ocr
v1p055,50,ocr
v1p056,51,ocr
v1p057,52,ocr
v1p058,53,ocr
v1p059,54,ocr
v1p060,55,ocr
v1p061,56,ocr
v1p062,57,ocr
v1p063,58,ocr
v1p064,59,ocr
v1p065,60,ocr
v1p066,61,ocr
v1p067,62,ocr
v1p068,63,ocr
v1p069,64,ocr
v1p070,65,ocr
v1p071,66,ocr
v1p072,67,ocr
v1p073,68,ocr
v1p074,69,ocr
v1p075,70,ocr
v1p076,71,ocr
v1p077,72,ocr
v1p078,73,ocr
v1p079,74,ocr
v1p080,75,ocr
v1p081,76,ocr
v1p082,77,ocr
v1p083,78,ocr
v1p084,79,ocr
v1p085,80,ocr
v1p086,81,ocr
v1p087,82,ocr
v1p088,83,ocr
v1p089,84,ocr
v1p090,85,ocr
v1p091,86,ocr
v1p092,87,ocr
v1p093,88,ocr
v1p094,89,ocr
v1p095,90,ocr
v1p096,91,ocr
v1p097,92,ocr
v1p098,93,ocr
v1p099,94,ocr
v1p100,95,ocr
v1p101,96,ocr
v1p102,97,ocr
v1p103,98,ocr
v1p104,99,ocr
v1p105,100,ocr
v1p106,101,ocr
v1p107,102,ocr
v1p108,103,ocr
v1p109,104,ocr
v1p110,105,ocr
v1p111,106,ocr
v1p112,107,ocr
v1p113,108,ocr
v1p114,109,ocr
v1p115,110,ocr
v1p116,111,ocr
v1p117,112,ocr
v1p118,113,ocr
v1p119,114,ocr
v1p120,115,ocr
v1p121,116,ocr
v1p122,117,ocr
v1p123,118,ocr
v1p124,119,ocr
v1p125,120,ocr
v1p126,121,ocr
v1p127,122,ocr
v1p128,123,ocr
v1p129,124,ocr
v1p130,125,ocr
v1p131,126,ocr
v1p132,127,ocr
v1p133,128,ocr
v1p134,129,ocr
v1p135,130,ocr
v1p136,131,ocr
v1p137,132,ocr
v1p138,133,ocr
v1p139,134,ocr
v1p140,135,ocr
v1p141,136,ocr
v1p142,137,ocr
v1p143,138,ocr
v1p144,139,ocr
v1p145,140,ocr
v1p146,141,ocr
v1p147,142,ocr
v1p148,143,ocr
v1p149,144,ocr
v1p150,145,ocr
v1p151,146,ocr
v1p152,147,ocr
v1p153,148,ocr
v1p154,149,ocr
v1p155,150,ocr
v1p156,151,ocr
v1p157,152,ocr
v1p158,153,ocr
v1p159,154,ocr
v1p160,155,ocr
v1p161,156,ocr
v1p162,157,ocr
v1p163,158,ocr
v1p164,159,ocr
v1p165,160,ocr
v1p166,161,ocr
v1p167,162,ocr
v1p168,163,ocr
v1p169,164,ocr
v1p170,165,ocr
v1p171,166,ocr
v1p172,167,ocr
v1p173,168,ocr
v1p174,169,ocr
v1p175,170,ocr
v1p176,171,ocr
v1p177,172,ocr
v1p178,173,ocr
v1p179,174,ocr
v1p180,175,ocr
v1p181,176,ocr
v1p182,177,ocr
v1p183,178,ocr
v1p184,179,ocr
v1p185,180,ocr
v1p186,181,ocr
v1p187,182,ocr
v1p188,183,ocr
v1p189,184,ocr
v1p190,185,ocr
v1p191,186,ocr
v1p192,187,ocr
v1p193,188,ocr
v1p194,189,ocr
v1p195,190,ocr
v1p196,191,ocr
v1p197,192,ocr
v1p198,193,ocr
v1p199,194,ocr
v1p200,195,ocr
v1p201,196,ocr
v1p202,197,ocr
v1p203,198,ocr
v1p204,199,ocr
v1p205,200,ocr
v1p206,201,ocr
v1p207,202,ocr
v1p208,203,ocr
v1p209,204,ocr
v1p210,205,ocr
v1p211,206,ocr
v1p212,207,ocr
v1p213,208,ocr
v1p214,209,ocr
v1p215,210,ocr
v1p216,211,ocr
v1p217,212,ocr
v1p218,213,ocr
v1p219,214,ocr
v1p220,215,ocr
v1p221,216,ocr
v1p222,217,ocr
v1p223,218,ocr
v1p224,219,ocr
v1p225,220,ocr
v1p226,221,ocr
v1p227,222,ocr
v1p228,223,ocr
v1p229,224,ocr
v1p230,225,ocr
v1p231,226,ocr
v1p232,227,ocr
v1p233,228,ocr
v1p234,229,ocr
v1p235,230,ocr
v1p236,231,ocr
v1p237,232,ocr
v1p238,233,ocr
v1p239,234,ocr
v1p240,235,ocr
v1p241,236,ocr
v1p242,237,ocr
v1p243,238,ocr
v1p244,239,ocr
v1p245,240,ocr
v1p246,241,ocr
v1p247,242,ocr
v1p248,243,ocr
v1p249,244,ocr
v1p250,245,ocr
v1p251,246,ocr
v1p252,247,ocr
v1p253,248,ocr
v1p254,249,ocr
v1p255,250,ocr
v1p256,251,ocr
v1p257,252,ocr
v1p258,253,ocr
v1p259,254,ocr
v1p260,255,ocr
v1p261,256,ocr
v1p262,257,ocr
v1p263,258,ocr
v1p264,259,ocr
v1p265,260,ocr
v1p266,261,ocr
v1p267,262,ocr
v1p268,263,ocr
v1p269,264,ocr
v1p270,265,ocr
v1p271,266,ocr
v1p272,267,ocr
v1p273,268,ocr
v1p274,269,ocr
v1p275,270,ocr
v1p276,271,ocr
v1p277,272,ocr
v1p278,273,ocr
v1p279,274,ocr
v1p280,275,ocr
v1p281,276,ocr
v1p282,277,ocr
v1p283,278,ocr
v1p284,279,ocr
v1p285,280,ocr
v1p286,281,ocr
v1p287,282,ocr
v1p288,283,ocr
v1p289,284,ocr
v1p290,285,ocr
v1p291,286,ocr
v1p292,287,ocr
v1p293,288,ocr
v1p294,289,ocr
v1p295,290,ocr
v1p296,291,ocr
v1p297,292,ocr
v2p000,,blank
v2p001,293,ocr
v2p002,294,ocr
v2p003,295,ocr
v2p004,296,ocr
v2p005,297,ocr
v2p006,298,ocr
v2p007,299,ocr
v2p008,300,ocr
v2p009,301,ocr
v2p010,302,ocr
v2p011,303,ocr
v2p012,304,ocr
v2p013,305,ocr
v2p014,306,ocr
v2p015,307,ocr
v2p016,308,ocr
v2p017,309,ocr
v2p018,310,ocr
v2p019,311,ocr
v2p020,312,ocr
v2p021,313,ocr
v2p022,314,ocr
v2p023,315,ocr
v2p024,316,ocr
v2p025,317,ocr
v2p026,318,ocr
v2p027,319,ocr
v2p028,320,ocr
v2p029,321,ocr
v2p030,322,ocr
v2p031,323,ocr
v2p032,324,ocr
v2p033,325,ocr
v2p034,326,ocr
v2p035,327,ocr
v2p036,328,ocr
v2p037,329,ocr
v2p038,330,ocr
v2p039,331,ocr
v2p040,332,ocr
v2p041,333,ocr
v2p042,334,ocr
v2p043,335,ocr
v2p044,336,ocr
v2p045,337,ocr
v2p046,338,ocr
v2p047,339,ocr
v2p048,340,ocr
v2p049,341,ocr
v2p050,342,ocr
v2p051,343,ocr
v2p052,344,ocr
v2p053,345,ocr
v2p054,346,interp
v2p055,347,ocr
v2p056,348,ocr
v2p057,349,ocr
v2p058,350,ocr
v2p059,351,ocr
v2p060,352,ocr
v2p061,353,ocr
v2p062,354,ocr
v2p063,355,ocr
v2p064,356,ocr
v2p065,357,ocr
v2p066,358,ocr
v2p067,359,ocr
v2p068,360,ocr
v2p069,361,ocr
v2p070,362,ocr
v2p071,363,ocr
v2p072,364,ocr
v2p073,365,ocr
v2p074,366,ocr
v2p075,367,ocr
v2p076,368,ocr
v2p077,369,ocr
v2p078,370,ocr
v2p079,371,ocr
v2p080,372,ocr
v2p081,373,ocr
v2p082,374,ocr
v2p083,375,ocr
v2p084,376,ocr
v2p085,377,ocr
v2p086,378,ocr
v2p087,379,ocr
v2p088,380,ocr
v2p089,381,ocr
v2p090,382,ocr
v2p091,383,ocr
v2p092,384,ocr
v2p093,385,ocr
v2p094,386,ocr
v2p095,387,ocr
v2p096,388,ocr
v2p097,389,ocr
v2p098,,blank
v2p099,390,ocr
v2p100,391,ocr
v2p101,392,ocr
v2p102,393,ocr
v2p103,394,ocr
v2p104,395,ocr
v2p105,396,ocr
v2p106,397,ocr
v2p107,398,ocr
v2p108,399,ocr
v2p109,400,ocr
v2p110,401,ocr
v2p111,402,ocr
v2p112,403,ocr
v2p113,404,ocr
v2p114,405,ocr
v2p115,406,ocr
v2p116,407,ocr
v2p117,408,ocr
v2p118,409,ocr
v2p119,410,ocr
v2p120,411,ocr
v2p121,412,ocr
v2p122,413,ocr
v2p123,414,ocr
v2p124,415,ocr
v2p125,416,ocr
v2p126,417,ocr
v2p127,418,ocr
v2p128,419,ocr
v2p129,420,ocr
v2p130,421,ocr
v2p131,422,ocr
v2p132,423,ocr
v2p133,424,ocr
v2p134,425,ocr
v2p135,426,ocr
v2p136,427,ocr
v2p137,428,ocr
v2p138,429,ocr
v2p139,430,ocr
v2p140,431,ocr
v2p141,432,ocr
v2p142,433,ocr
v2p143,434,ocr
v2p144,435,ocr
v2p145,436,ocr
v2p146,437,ocr
v2p147,438,ocr
v2p148,439,ocr
v2p149,440,ocr
v2p150,441,ocr
v2p151,442,ocr
v2p152,443,ocr
v2p153,444,ocr
v2p154,445,ocr
v2p155,446,ocr
v2p156,447,ocr
v2p157,448,ocr
v2p158,449,ocr
v2p159,450,ocr
v2p160,451,ocr
v2p161,452,ocr
v2p162,453,ocr
v2p163,454,ocr
v2p164,455,ocr
v2p165,456,ocr
v2p166,457,ocr
v2p167,458,ocr
v2p168,459,ocr
v2p169,460,ocr
v2p170,461,ocr
v2p171,462,ocr
v2p172,463,ocr
v2p173,464,ocr
v2p174,465,ocr
v2p175,466,ocr
v2p176,467,ocr
v2p177,468,ocr
v2p178,469,ocr
v2p179,,blank
v2p180,470,ocr
v2p181,471,ocr
v2p182,472,ocr
v2p183,473,ocr
v2p184,474,ocr
v2p185,475,ocr
v2p186,476,ocr
v2p187,477,ocr
v2p188,478,ocr
v2p189,479,ocr
v2p190,480,ocr
v2p191,481,ocr
v2p192,482,interp
v2p193,483,ocr
v2p194,484,ocr
v2p195,485,ocr
v2p196,486,ocr
v2p197,487,ocr
v2p198,488,ocr
v2p199,489,ocr
v2p200,490,ocr
v2p201,491,ocr
v2p202,492,ocr
v2p203,493,ocr
v2p204,494,ocr
v2p205,495,ocr
v2p206,496,ocr
v2p207,497,ocr
v2p208,498,interp
v2p209,499,ocr
v2p210,500,ocr
v2p211,501,ocr
v2p212,502,ocr
v2p213,503,ocr
v2p214,504,ocr
v2p215,505,ocr
v2p216,506,ocr
v2p217,507,ocr
v2p218,508,ocr
v2p219,509,ocr
v2p220,510,ocr
v2p221,511,ocr
v2p222,512,ocr
v2p223,513,ocr
v2p224,514,ocr
v2p225,515,ocr
v2p226,516,ocr
v2p227,517,ocr
v2p228,518,ocr
v2p229,519,ocr
v2p230,520,ocr
v2p231,521,ocr
v2p232,522,ocr
v2p233,523,ocr
v2p234,524,ocr
v2p235,525,ocr
v2p236,526,ocr
v2p237,527,ocr
v2p238,528,ocr
v2p239,529,ocr
v2p240,530,ocr
v2p241,531,ocr
v2p242,532,ocr
v2p243,533,ocr
v2p244,534,ocr
v2p245,535,ocr
v2p246,536,ocr
v2p247,537,ocr
v2p248,538,ocr
v2p249,539,ocr
v2p250,540,ocr
v2p251,541,ocr
v2p252,542,ocr
v2p253,543,ocr
v2p254,544,ocr
v2p255,545,ocr
v2p256,546,ocr
v2p257,547,ocr
v2p258,548,ocr
v2p259,549,ocr
v2p260,550,ocr
v2p261,551,ocr
v2p262,552,ocr
v2p263,553,ocr
v2p264,554,ocr
v2p265,555,ocr
v2p266,556,ocr
v2p267,557,ocr
v2p268,558,interp
v2p269,559,ocr
v2p270,560,ocr
v2p271,561,ocr
v2p272,562,ocr
v2p273,563,ocr
v2p274,564,interp
v2p275,565,ocr
v2p276,566,ocr
v2p277,567,ocr
v2p278,568,interp
v2p279,569,ocr
v2p280,570,ocr
v2p281,571,ocr
v2p282,572,ocr
v2p283,573,ocr
v2p284,574,ocr
v2p285,575,ocr
v2p286,576,ocr
v2p287,577,ocr
