old,new
pages/page_001.png,pages/page-i.png
pages/page_002.png,pages/page-ii.png
pages/page_003.png,pages/page-title-introduction.png
pages/page_004.png,pages/page-001.png
pages/page_005.png,pages/page-002.png
pages/page_006.png,pages/page-003.png
pages/page_007.png,pages/page-004.png
pages/page_008.png,pages/page-005.png
pages/page_009.png,pages/page-006.png
pages/page_010.png,pages/page-007.png
pages/page_011.png,pages/page-008.png
pages/page_012.png,pages/page-009.png
pages/page_013.png,pages/page-010.png
pages/page_014.png,pages/page-011.png
pages/page_015.png,pages/page-012.png
pages/page_016.png,pages/page-013.png
pages/page_017.png,pages/page-014.png
pages/page_018.png,pages/page-015.png
pages/page_020.png,pages/page-016.png
pages/page_021.png,pages/page-017.png
pages/page_022.png,pages/page-018.png
pages/page_023.png,pages/page-019.png
pages/page_024.png,pages/page-020.png
pages/page_025.png,pages/page-021.png
pages/page_026.png,pages/page-022.png
pages/page_027.png,pages/page-023.png
pages/page_028.png,pages/page-024.png
pages/page_029.png,pages/page-025.png
pages/page_030.png,pages/page-026.png
pages/page_031.png,pages/page-027.png
pages/page_032.png,pages/page-028.png
pages/page_033.png,pages/page-029.png
pages/page_034.png,pages/page-030.png
pages/page_035.png,pages/page-031.png
pages/page_036.png,pages/page-032.png
pages/page_037.png,pages/page-033.png
pages/page_038.png,pages/page-034.png
pages/page_039.png,pages/page-035.png
pages/page_041.png,pages/page-036.png
pages/page_042.png,pages/page-037.png
pages/page_043.png,pages/page-038.png
pages/page_044.png,pages/page-039.png
pages/page_045.png,pages/page-040.png
pages/page_046.png,pages/page-041.png
pages/page_047.png,pages/page-042.png
pages/page_048.png,pages/page-043.png
pages/page_049.png,pages/page-044.png
pages/page_050.png,pages/page-045.png
pages/page_051.png,pages/page-046.png
pages/page_052.png,pages/page-047.png
pages/page_053.png,pages/page-048.png
pages/page_054.png,pages/page-049.png
pages/page_055.png,pages/page-050.png
pages/page_058.png,pages/page-051.png
pages/page_059.png,pages/page-052.png
pages/page_060.png,pages/page-053.png
pages/page_061.png,pages/page-054.png
pages/page_062.png,pages/page-title-chansonnier.png
pages/page_063.png,pages/page-055.png
pages/page_064.png,pages/page-056.png
pages/page_065.png,pages/page-057.png
pages/page_066.png,pages/page-058.png
pages/page_067.png,pages/page-059.png
pages/page_068.png,pages/page-060.png
pages/page_069.png,pages/page-061.png
pages/page_070.png,pages/page-062.png
pages/page_071.png,pages/page-063.png
pages/page_072.png,pages/page-064.png
pages/page_073.png,pages/page-065.png
pages/page_074.png,pages/page-066.png
pages/page_075.png,pages/page-067.png
pages/page_076.png,pages/page-068.png
pages/page_078.png,pages/page-069.png
pages/page_079.png,pages/page-070.png
pages/page_080.png,pages/page-071.png
pages/page_081.png,pages/page-072.png
pages/page_082.png,pages/page-073.png
pages/page_083.png,pages/page-074.png
pages/page_084.png,pages/page-075.png
pages/page_085.png,pages/page-076.png
pages/page_086.png,pages/page-077.png
pages/page_087.png,pages/page-078.png
pages/page_088.png,pages/page-079.png
pages/page_089.png,pages/page-080.png
pages/page_090.png,pages/page-081.png
pages/page_091.png,pages/page-082.png
pages/page_092.png,pages/page-083.png
pages/page_093.png,pages/page-084.png
pages/page_094.png,pages/page-085.png
pages/page_095.png,pages/page-086.png
pages/page_096.png,pages/page-087.png
pages/page_097.png,pages/page-088.png
pages/page_098.png,pages/page-089.png
pages/page_099.png,pages/page-090.png
pages/page_100.png,pages/page-091.png
pages/page_102.png,pages/page-092.png
pages/page_103.png,pages/page-093.png
pages/page_104.png,pages/page-094.png
pages/page_105.png,pages/page-095.png
pages/page_106.png,pages/page-096.png
pages/page_107.png,pages/page-097.png
pages/page_108.png,pages/page-098.png
pages/page_109.png,pages/page-099.png
pages/page_110.png,pages/page-100.png
pages/page_111.png,pages/page-101.png
pages/page_112.png,pages/page-102.png
pages/page_113.png,pages/page-103.png
pages/page_114.png,pages/page-104.png
pages/page_115.png,pages/page-105.png
pages/page_116.png,pages/page-106.png
pages/page_117.png,pages/page-107.png
pages/page_118.png,pages/page-108.png
pages/page_119.png,pages/page-109.png
pages/page_120.png,pages/page-110.png
pages/page_121.png,pages/page-111.png
pages/page_122.png,pages/page-112.png
pages/page_123.png,pages/page-113.png
pages/page_124.png,pages/page-114.png
pages/page_125.png,pages/page-115.png
pages/page_126.png,pages/page-116.png
pages/page_127.png,pages/page-117.png
pages/page_128.png,pages/page-118.png
pages/page_129.png,pages/page-119.png
pages/page_130.png,pages/page-120.png
pages/page_131.png,pages/page-121.png
pages/page_132.png,pages/page-122.png
pages/page_133.png,pages/page-123.png
pages/page_134.png,pages/page-124.png
pages/page_135.png,pages/page-125.png
pages/page_136.png,pages/page-126.png
pages/page_137.png,pages/page-127.png
pages/page_138.png,pages/page-128.png
pages/page_139.png,pages/page-129.png
pages/page_140.png,pages/page-130.png
pages/page_142.png,pages/page-131.png
pages/page_143.png,pages/page-132.png
pages/page_144.png,pages/page-133.png
pages/page_145.png,pages/page-134.png
pages/page_146.png,pages/page-135.png
pages/page_147.png,pages/page-136.png
pages/page_148.png,pages/page-137.png
pages/page_149.png,pages/page-138.png
pages/page_150.png,pages/page-139.png
pages/page_151.png,pages/page-140.png
pages/page_152.png,pages/page-141.png
pages/page_153.png,pages/page-142.png
pages/page_154.png,pages/page-143.png
pages/page_155.png,pages/page-144.png
pages/page_156.png,pages/page-145.png
pages/page_157.png,pages/page-146.png
pages/page_158.png,pages/page-147.png
pages/page_159.png,pages/page-148.png
pages/page_160.png,pages/page-149.png
pages/page_161.png,pages/page-150.png
pages/page_162.png,pages/page-151.png
pages/page_163.png,pages/page-152.png
pages/page_164.png,pages/page-153.png
pages/page_165.png,pages/page-154.png
pages/page_166.png,pages/page-155.png
pages/page_167.png,pages/page-156.png
pages/page_168.png,pages/page-157.png
pages/page_169.png,pages/page-158.png
pages/page_170.png,pages/page-159.png
pages/page_171.png,pages/page-160.png
pages/page_172.png,pages/page-161.png
pages/page_173.png,pages/page-162.png
pages/page_174.png,pages/page-163.png
pages/page_175.png,pages/page-164.png
pages/page_176.png,pages/page-165.png
pages/page_177.png,pages/page-166.png
pages/page_179.png,pages/page-167.png
pages/page_180.png,pages/page-168.png
pages/page_181.png,pages/page-169.png
pages/page_182.png,pages/page-170.png
pages/page_183.png,pages/page-171.png
pages/page_184.png,pages/page-172.png
pages/page_185.png,pages/page-173.png
pages/page_186.png,pages/page-174.png
pages/page_187.png,pages/page-175.png
pages/page_188.png,pages/page-176.png
pages/page_189.png,pages/page-177.png
pages/page_190.png,pages/page-178.png
pages/page_191.png,pages/page-179.png
pages/page_192.png,pages/page-180.png
pages/page_193.png,pages/page-181.png
pages/page_194.png,pages/page-182.png
pages/page_195.png,pages/page-183.png
pages/page_196.png,pages/page-184.png
pages/page_197.png,pages/page-185.png
pages/page_198.png,pages/page-186.png
pages/page_199.png,pages/page-187.png
pages/page_200.png,pages/page-188.png
pages/page_201.png,pages/page-189.png
pages/page_202.png,pages/page-190.png
pages/page_203.png,pages/page-191.png
pages/page_204.png,pages/page-192.png
pages/page_205.png,pages/page-193.png
pages/page_206.png,pages/page-194.png
pages/page_207.png,pages/page-195.png
pages/page_208.png,pages/page-196.png
pages/page_209.png,pages/page-197.png
pages/page_210.png,pages/page-198.png
pages/page_211.png,pages/page-199.png
pages/page_212.png,pages/page-200.png
pages/page_213.png,pages/page-201.png
pages/page_214.png,pages/page-202.png
pages/page_215.png,pages/page-203.png
pages/page_216.png,pages/page-204.png
pages/page_217.png,pages/page-205.png
pages/page_218.png,pages/page-206.png
pages/page_219.png,pages/page-207.png
pages/page_220.png,pages/page-208.png
pages/page_221.png,pages/page-209.png
pages/page_222.png,pages/page-210.png
pages/page_223.png,pages/page-211.png
pages/page_224.png,pages/page-216.png
pages/page_226.png,pages/page-217.png
pages/page_227.png,pages/page-218.png
pages/page_228.png,pages/page-219.png
pages/page_229.png,pages/page-220.png
pages/page_230.png,pages/page-221.png
pages/page_231.png,pages/page-222.png
pages/page_232.png,pages/page-223.png
pages/page_233.png,pages/page-224.png
pages/page_234.png,pages/page-225.png
pages/page_235.png,pages/page-226.png
pages/page_236.png,pages/page-227.png
pages/page_237.png,pages/page-228.png
pages/page_238.png,pages/page-229.png
pages/page_239.png,pages/page-230.png
pages/page_241.png,pages/page-231.png
pages/page_243.png,pages/page-232.png
pages/page_244.png,pages/page-233.png
pages/page_245.png,pages/page-234.png
pages/page_246.png,pages/page-234a.png
pages/page_247.png,pages/page-235.png
pages/page_248.png,pages/page-236.png
pages/page_249.png,pages/page-237.png
pages/page_250.png,pages/page-238.png
pages/page_251.png,pages/page-239.png
pages/page_252.png,pages/page-240.png
pages/page_253.png,pages/page-241.png
pages/page_254.png,pages/page-242.png
pages/page_255.png,pages/page-243.png
pages/page_256.png,pages/page-244.png
pages/page_258.png,pages/page-245.png
pages/page_259.png,pages/page-246.png
pages/page_260.png,pages/page-247.png
pages/page_261.png,pages/page-248.png
pages/page_262.png,pages/page-249.png
pages/page_263.png,pages/page-250.png
pages/page_264.png,pages/page-251.png
pages/page_265.png,pages/page-252.png
pages/page_266.png,pages/page-253.png
pages/page_267.png,pages/page-254.png
pages/page_268.png,pages/page-255.png
pages/page_269.png,pages/page-256.png
pages/page_270.png,pages/page-257.png
pages/page_271.png,pages/page-258.png
pages/page_272.png,pages/page-259.png
pages/page_273.png,pages/page-260.png
pages/page_274.png,pages/page-261.png
pages/page_275.png,pages/page-262.png
pages/page_276.png,pages/page-263.png
pages/page_277.png,pages/page-264.png
pages/page_278.png,pages/page-265.png
pages/page_279.png,pages/page-266.png
pages/page_280.png,pages/page-267.png
pages/page_281.png,pages/page-268.png
pages/page_282.png,pages/page-269.png
pages/page_283.png,pages/page-270.png
pages/page_284.png,pages/page-271.png
pages/page_285.png,pages/page-272.png
pages/page_286.png,pages/page-273.png
pages/page_288.png,pages/page-275.png
pages/page_289.png,pages/page-276.png
pages/page_290.png,pages/page-277.png
pages/page_291.png,pages/page-278.png
pages/page_292.png,pages/page-279.png
pages/page_293.png,pages/page-280.png
pages/page_294.png,pages/page-281.png
pages/page_295.png,pages/page-282.png
pages/page_296.png,pages/page-283.png
pages/page_297.png,pages/page-284.png
pages/page_298.png,pages/page-285.png
pages/page_299.png,pages/page-286.png
pages/page_300.png,pages/page-287.png
pages/page_301.png,pages/page-288.png
pages/page_302.png,pages/page-289.png
pages/page_303.png,pages/page-290.png
pages/page_304.png,pages/page-291.png
pages/page_305.png,pages/page-292.png
pages/page_306.png,pages/page-293.png
pages/page_307.png,pages/page-294.png
pages/page_308.png,pages/page-295.png
pages/page_309.png,pages/page-296.png
pages/page_310.png,pages/page-297.png
pages/page_311.png,pages/page-298.png
pages/page_312.png,pages/page-299.png
pages/page_313.png,pages/page-300.png
pages/page_314.png,pages/page-301.png
pages/page_315.png,pages/page-302.png
pages/page_316.png,pages/page-303.png
pages/page_317.png,pages/page-304.png
pages/page_318.png,pages/page-305.png
pages/page_319.png,pages/page-306.png
pages/page_320.png,pages/page-307.png
pages/page_321.png,pages/page-308.png
pages/page_322.png,pages/page-309.png
pages/page_323.png,pages/page-310.png
pages/page_324.png,pages/page-311.png
pages/page_325.png,pages/page-312.png
pages/page_326.png,pages/page-313.png
pages/page_327.png,pages/page-314.png
pages/page_328.png,pages/page-315.png
pages/page_329.png,pages/page-316.png
pages/page_330.png,pages/page-317.png
pages/page_331.png,pages/page-318.png
pages/page_332.png,pages/page-319.png
pages/page_333.png,pages/page-320.png
pages/page_334.png,pages/page-321.png
pages/page_335.png,pages/page-322.png
pages/page_336.png,pages/page-323.png
pages/page_337.png,pages/page-324.png
pages/page_338.png,pages/page-325.png
pages/page_339.png,pages/page-326.png
pages/page_340.png,pages/page-327.png
pages/page_341.png,pages/page-328.png
pages/page_342.png,pages/page-329.png
pages/page_343.png,pages/page-330.png
pages/page_344.png,pages/page-331.png
pages/page_345.png,pages/page-332.png
pages/page_346.png,pages/page-333.png
pages/page_347.png,pages/page-334.png
pages/page_348.png,pages/page-335.png
pages/page_349.png,pages/page-336.png
pages/page_350.png,pages/page-337.png
pages/page_351.png,pages/page-338.png
pages/page_352.png,pages/page-339.png
pages/page_353.png,pages/page-340.png
pages/page_354.png,pages/page-341.png
pages/page_355.png,pages/page-342.png
pages/page_356.png,pages/page-343.png
pages/page_358.png,pages/page-344.png
pages/page_359.png,pages/page-345.png
pages/page_361.png,pages/page-346.png
pages/page_362.png,pages/page-347.png
pages/page_364.png,pages/page-348.png
pages/page_367.png,pages/page-349.png
pages/page_368.png,pages/page-350.png
pages/page_370.png,pages/page-351.png
pages/page_372.png,pages/rejects/page-352-duplicate-cropped.png
pages/page_373.png,pages/page-352.png
pages/page_374.png,pages/page-353.png
pages/page_375.png,pages/page-354.png
pages/page_376.png,pages/page-355.png
pages/page_377.png,pages/page-356.png
pages/page_378.png,pages/page-357.png
pages/page_379.png,pages/page-358.png
